{"cameraMode":{"drawMode":0,"name":"Shaded","section":"Shading Mode"},"sceneLighting":true,"audioPlay":false,"sceneViewState":{"m_AlwaysRefresh":false,"showFog":true,"showSkybox":true,"showFlares":true,"showImageEffects":true,"showParticleSystems":true,"showVisualEffectGraphs":true,"m_FxEnabled":true},"in2DMode":false,"pivot":{"x":376.6474304199219,"y":-13.461746215820313,"z":-10.66064453125},"rotation":{"x":-0.034799445420503619,"y":-0.012894012033939362,"z":0.000449240964371711,"w":-0.9993113875389099},"size":308.30670166015627,"orthographic":false}